time,symbol,side,entry,exit,qty,pnl,R,reason,mae,mfe
2026-10-01 13:30:00+00:00,SOL/USD,short,116.771585,117.410442,15.65295913,-19.5307,-1.953,SL,-0.639,0.112
2026-10-01 14:45:00+00:00,BTC/USD,long,84130.2441,83747.964595,0.02564797,-20.9996,-2.142,SL,-0.46,0.441
2026-10-01 16:30:00+00:00,ETH/USD,short,2674.74196,2690.874124,0.59475574,-17.8919,-1.865,SL,-0.935,0.0
2026-10-01 21:30:00+00:00,BTC/USD,long,84922.54005,84471.844875,0.02089168,-18.617,-1.977,SL,-0.854,0.701
2026-10-02 02:00:00+00:00,SOL/USD,long,118.75935,119.920754,15.89387764,8.596,0.931,TP,-0.757,1.654
2026-10-02 04:15:00+00:00,SOL/USD,long,119.989965,121.437686,12.86928667,10.5529,1.133,TP,-0.746,1.948
2026-10-02 04:30:00+00:00,BTC/USD,long,86799.87825,86399.060305,0.02350468,-20.0057,-2.123,SL,0.0,0.0
2026-10-02 05:00:00+00:00,ETH/USD,long,2745.642135,2732.407455,0.71184928,-19.5599,-2.076,SL,-0.823,0.14
2026-10-02 05:30:00+00:00,SOL/USD,long,122.30112,122.430599,10.59212122,-5.3683,-0.57,SL,-0.451,1.618
2026-10-02 09:15:00+00:00,ETH/USD,long,2761.530075,2746.154299,0.58349954,-17.3275,-1.931,SL,-0.883,0.206
2026-10-02 18:45:00+00:00,SOL/USD,short,119.270335,117.386767,9.34236016,11.8485,1.347,TP,-0.626,0.584
2026-10-02 23:45:00+00:00,BTC/USD,short,84852.05275,84559.289244,0.01756858,-2.595,-0.295,SL,-0.072,1.98
